Name,Slug,Collection ID,Locale ID,Item ID,Archived,Draft,Created On,Updated On,Published On,Description,Category,Featured Image,Gallery,Project Page URL,Order
Aura Beauty,aura,6936b27c14ba37a8df5ebbd8,6936b27cc4d64679a58e166b,6936b3a5c725be8f4076b0be,false,false,Mon Dec 08 2025 11:16:53 GMT+0000 (Coordinated Universal Time),Fri Mar 06 2026 04:11:37 GMT+0000 (Coordinated Universal Time),Fri Mar 06 2026 04:12:31 GMT+0000 (Coordinated Universal Time),,shopify,https://cdn.prod.website-files.com/6936b27cc4d64679a58e166d/699e946107e81ee60d7d4f41_Group%201261153277.png,,,4
BetterDays,betterdays,6936b27c14ba37a8df5ebbd8,6936b27cc4d64679a58e166b,69a6db4e762a5301465515d8,false,false,Tue Mar 03 2026 12:59:58 GMT+0000 (Coordinated Universal Time),Fri Mar 06 2026 06:26:02 GMT+0000 (Coordinated Universal Time),Fri Mar 06 2026 06:27:34 GMT+0000 (Coordinated Universal Time),,shopify,https://cdn.prod.website-files.com/6936b27cc4d64679a58e166d/69a6db42f4e03ca908276246_Home%20(1).png,,/our-works-pages/better-days,8
Cheesecakes by Sam,cheesecakes-by-sam,6936b27c14ba37a8df5ebbd8,6936b27cc4d64679a58e166b,69a6dcc66dffbd5167fb459b,false,false,Tue Mar 03 2026 13:06:14 GMT+0000 (Coordinated Universal Time),Fri Mar 06 2026 04:11:56 GMT+0000 (Coordinated Universal Time),Fri Mar 06 2026 04:12:31 GMT+0000 (Coordinated Universal Time),,shopify,https://cdn.prod.website-files.com/6936b27cc4d64679a58e166d/69a6dcb97821f82c3a596b30_Feedback.png,,,10
Cinea,cinea,6936b27c14ba37a8df5ebbd8,6936b27cc4d64679a58e166b,6936b41fa19a5886ccd2c9da,false,false,Mon Dec 08 2025 11:18:55 GMT+0000 (Coordinated Universal Time),Fri Mar 06 2026 10:47:19 GMT+0000 (Coordinated Universal Time),Fri Mar 06 2026 10:47:28 GMT+0000 (Coordinated Universal Time),Experience the perfect blend of science and nature.,shopify,https://cdn.prod.website-files.com/6936b27cc4d64679a58e166d/699e933dcf605ccf4b38fa30_Group%201261153273.png,https://cdn.prod.website-files.com/6936b27cc4d64679a58e166d/69aaae99f3e11e64fe731430_Home%20Client.png; https://cdn.prod.website-files.com/6936b27cc4d64679a58e166d/69aab08fe64fc4b6ce7d0851_21.png; https://cdn.prod.website-files.com/6936b27cc4d64679a58e166d/69aab00138b4184464328e7b_33.png,,2
Dabble,dabble,6936b27c14ba37a8df5ebbd8,6936b27cc4d64679a58e166b,6936b446ac5151c9c1363f86,false,false,Mon Dec 08 2025 11:19:34 GMT+0000 (Coordinated Universal Time),Tue Mar 03 2026 10:10:53 GMT+0000 (Coordinated Universal Time),Tue Mar 03 2026 10:13:20 GMT+0000 (Coordinated Universal Time),Experience the perfect blend of science and nature.,shopify,https://cdn.prod.website-files.com/6936b27cc4d64679a58e166d/699e90f3f234b8ab10cb61d1_Group%201261153274%20(1).png,,/our-works-pages/dabble,1
Dog & Crate,dog-crate,6936b27c14ba37a8df5ebbd8,6936b27cc4d64679a58e166b,6936b3d2f7a68944544f6027,false,false,Mon Dec 08 2025 11:17:38 GMT+0000 (Coordinated Universal Time),Fri Mar 06 2026 04:11:30 GMT+0000 (Coordinated Universal Time),Fri Mar 06 2026 04:12:31 GMT+0000 (Coordinated Universal Time),,shopify,https://cdn.prod.website-files.com/6936b27cc4d64679a58e166d/699e93b7d948db527ee77578_Group%201261153276.png,https://cdn.prod.website-files.com/6936b27cc4d64679a58e166d/699e938de25837ecbec91457_Group%201261153275.png; https://cdn.prod.website-files.com/6936b27cc4d64679a58e166d/699e938de25837ecbec91457_Group%201261153275.png; https://cdn.prod.website-files.com/6936b27cc4d64679a58e166d/699e938de25837ecbec91457_Group%201261153275.png,/our-works-pages/dog-crate,3
Frames for Prints,frames-for-prints,6936b27c14ba37a8df5ebbd8,6936b27cc4d64679a58e166b,69aa59d5de4f77601bcb96d4,false,false,Fri Mar 06 2026 04:36:37 GMT+0000 (Coordinated Universal Time),Fri Mar 06 2026 07:54:45 GMT+0000 (Coordinated Universal Time),Fri Mar 06 2026 07:56:23 GMT+0000 (Coordinated Universal Time),,wordpress,https://cdn.prod.website-files.com/6936b27cc4d64679a58e166d/69aa59c5f5b790f3e020c16b_Feedback%202%20(1).png,,/our-works-pages/frames-for-prints,15
Junoone,junoone,6936b27c14ba37a8df5ebbd8,6936b27cc4d64679a58e166b,69a677d34cf3756f5015684e,false,false,Tue Mar 03 2026 05:55:31 GMT+0000 (Coordinated Universal Time),Fri Mar 06 2026 04:11:48 GMT+0000 (Coordinated Universal Time),Fri Mar 06 2026 04:12:31 GMT+0000 (Coordinated Universal Time),,shopify,https://cdn.prod.website-files.com/6936b27cc4d64679a58e166d/69a677cb48fc3300a1d634c9_Mask%20group%20(1).png,,/our-works-pages/junoone,5
Lippy oil,lippy-oil,6936b27c14ba37a8df5ebbd8,6936b27cc4d64679a58e166b,69aa55f5dc01dddfe270bfd7,false,false,Fri Mar 06 2026 04:20:05 GMT+0000 (Coordinated Universal Time),Fri Mar 06 2026 07:52:51 GMT+0000 (Coordinated Universal Time),Fri Mar 06 2026 07:56:23 GMT+0000 (Coordinated Universal Time),,wordpress,https://cdn.prod.website-files.com/6936b27cc4d64679a58e166d/69aa58e264d14d4a4f8aaa65_Home%20(Client).png,,/our-works-pages/lippy-oil,12
Livdynamic,livdynamic,6936b27c14ba37a8df5ebbd8,6936b27cc4d64679a58e166b,69aa5c363fe3c67b6250a2ae,false,false,Fri Mar 06 2026 04:46:46 GMT+0000 (Coordinated Universal Time),Fri Mar 06 2026 04:46:46 GMT+0000 (Coordinated Universal Time),Fri Mar 06 2026 04:46:46 GMT+0000 (Coordinated Universal Time),,wordpress,https://cdn.prod.website-files.com/6936b27cc4d64679a58e166d/69aa5c201277cb68bf69abaa_Home%20(6).png,,,19
Nuve,nuve,6936b27c14ba37a8df5ebbd8,6936b27cc4d64679a58e166b,69a6786d4edf9fb5277d8174,false,true,Tue Mar 03 2026 05:58:05 GMT+0000 (Coordinated Universal Time),Fri Mar 06 2026 04:33:10 GMT+0000 (Coordinated Universal Time),,,shopify,https://cdn.prod.website-files.com/6936b27cc4d64679a58e166d/69a6786109927e993703332f_Mask%20group%20(2).png,,,11
Patatoche,patatoche,6936b27c14ba37a8df5ebbd8,6936b27cc4d64679a58e166b,69aa5a37ec688ad452d7087e,false,false,Fri Mar 06 2026 04:38:15 GMT+0000 (Coordinated Universal Time),Fri Mar 06 2026 04:38:15 GMT+0000 (Coordinated Universal Time),Fri Mar 06 2026 04:38:15 GMT+0000 (Coordinated Universal Time),,wordpress,https://cdn.prod.website-files.com/6936b27cc4d64679a58e166d/69aa5a2c9b837923eed38971_Home%20(3).png,,,16
Pet Factor,pet-factor,6936b27c14ba37a8df5ebbd8,6936b27cc4d64679a58e166b,6936b3f9b586d7aa5d72be57,false,false,Mon Dec 08 2025 11:18:17 GMT+0000 (Coordinated Universal Time),Fri Mar 06 2026 04:13:50 GMT+0000 (Coordinated Universal Time),Fri Mar 06 2026 04:20:11 GMT+0000 (Coordinated Universal Time),,wordpress,https://cdn.prod.website-files.com/6936b27cc4d64679a58e166d/699e938de25837ecbec91457_Group%201261153275.png,,,13
Poppincob,poppincob,6936b27c14ba37a8df5ebbd8,6936b27cc4d64679a58e166b,69aa55c291a869d75da7bf38,false,false,Fri Mar 06 2026 04:19:14 GMT+0000 (Coordinated Universal Time),Fri Mar 06 2026 04:25:36 GMT+0000 (Coordinated Universal Time),Fri Mar 06 2026 04:27:03 GMT+0000 (Coordinated Universal Time),,shopify,https://cdn.prod.website-files.com/6936b27cc4d64679a58e166d/69aa5728212278b5d89c939f_Feedback%202.png,,,11
Renterr,renterr,6936b27c14ba37a8df5ebbd8,6936b27cc4d64679a58e166b,69aa597db6bb425bb2ceefd5,false,false,Fri Mar 06 2026 04:35:09 GMT+0000 (Coordinated Universal Time),Fri Mar 06 2026 04:35:09 GMT+0000 (Coordinated Universal Time),Fri Mar 06 2026 04:35:09 GMT+0000 (Coordinated Universal Time),,wordpress,https://cdn.prod.website-files.com/6936b27cc4d64679a58e166d/69aa597212ae731147edfe75_Home%20(2).png,,,14
Repower Electric Supply,repower-electric-supply,6936b27c14ba37a8df5ebbd8,6936b27cc4d64679a58e166b,69aa5b4964d14d4a4f8add3b,false,false,Fri Mar 06 2026 04:42:49 GMT+0000 (Coordinated Universal Time),Fri Mar 06 2026 09:55:11 GMT+0000 (Coordinated Universal Time),Fri Mar 06 2026 09:55:21 GMT+0000 (Coordinated Universal Time),,wordpress,https://cdn.prod.website-files.com/6936b27cc4d64679a58e166d/69aa5b3cfef2d1593c33491e_Home%20(5).png,,/our-works-pages/repower-electric-supply,18
Sandscents,sandscents,6936b27c14ba37a8df5ebbd8,6936b27cc4d64679a58e166b,69aa5a51372174cfbe86c916,false,false,Fri Mar 06 2026 04:38:41 GMT+0000 (Coordinated Universal Time),Fri Mar 06 2026 09:43:59 GMT+0000 (Coordinated Universal Time),Fri Mar 06 2026 09:44:15 GMT+0000 (Coordinated Universal Time),,wordpress,https://cdn.prod.website-files.com/6936b27cc4d64679a58e166d/69aa5abaec3a7df94a39f9d3_Home%20(4).png,,/our-works-pages/sandscents,17
Superlash,superlash,6936b27c14ba37a8df5ebbd8,6936b27cc4d64679a58e166b,69a67785262324ef30a2eb62,false,false,Tue Mar 03 2026 05:54:13 GMT+0000 (Coordinated Universal Time),Fri Mar 06 2026 04:11:45 GMT+0000 (Coordinated Universal Time),Fri Mar 06 2026 04:12:31 GMT+0000 (Coordinated Universal Time),,shopify,https://cdn.prod.website-files.com/6936b27cc4d64679a58e166d/69a6cc98c468ef0813c60789_Home.png,,,7
Thrive Tea,thrive-tea,6936b27c14ba37a8df5ebbd8,6936b27cc4d64679a58e166b,6936b36714ba37a8df5ef480,false,false,Mon Dec 08 2025 11:15:51 GMT+0000 (Coordinated Universal Time),Tue Mar 03 2026 11:48:29 GMT+0000 (Coordinated Universal Time),Tue Mar 03 2026 11:50:47 GMT+0000 (Coordinated Universal Time),,shopify,https://cdn.prod.website-files.com/6936b27cc4d64679a58e166d/69a6ca85e49ea863d50bcd8c_Homepage%20V2%20(2).png,,,6
Verzendetiket,verzendetiket,6936b27c14ba37a8df5ebbd8,6936b27cc4d64679a58e166b,69aa5ca802957463b7c68a25,false,false,Fri Mar 06 2026 04:48:40 GMT+0000 (Coordinated Universal Time),Fri Mar 06 2026 04:48:40 GMT+0000 (Coordinated Universal Time),Fri Mar 06 2026 04:48:40 GMT+0000 (Coordinated Universal Time),,wordpress,https://cdn.prod.website-files.com/6936b27cc4d64679a58e166d/69aa5c8f8225ec55e94a86eb_Home%20(7).png,,,20
